{
  "took" : 59,
  "timed_out" : false,
  "_shards" : {
    "total" : 5,
    "successful" : 5,
    "failed" : 0
  },
  "hits" : {
    "total" : 577861,
    "max_score" : 3.5879428,
    "hits" : [ {
      "_index" : "wikipedia",
      "_type" : "page",
      "_id" : "363039",
      "_score" : 3.5879428,
      "fields" : {
        "title" : [ "Australian honours system" ]
      }
    }, {
      "_index" : "wikipedia",
      "_type" : "page",
      "_id" : "7239222",
      "_score" : 1.7997892,
      "fields" : {
        "title" : [ "Australian Antarctic Building System" ]
      }
    }, {
      "_index" : "wikipedia",
      "_type" : "page",
      "_id" : "26663528",
      "_score" : 1.7997892,
      "fields" : {
        "title" : [ "Australian rating system" ]
      }
    }, {
      "_index" : "wikipedia",
      "_type" : "page",
      "_id" : "12324081",
      "_score" : 1.7988799,
      "fields" : {
        "title" : [ "Australian Series System" ]
      }
    }, {
      "_index" : "wikipedia",
      "_type" : "page",
      "_id" : "13543384",
      "_score" : 1.7988799,
      "fields" : {
        "title" : [ "Australian Arbitration system" ]
      }
    }, {
      "_index" : "wikipedia",
      "_type" : "page",
      "_id" : "15285561",
      "_score" : 1.7988799,
      "fields" : {
        "title" : [ "Australian university system" ]
      }
    }, {
      "_index" : "wikipedia",
      "_type" : "page",
      "_id" : "21697612",
      "_score" : 1.7988799,
      "fields" : {
        "title" : [ "Australian Integrated Forecast System" ]
      }
    }, {
      "_index" : "wikipedia",
      "_type" : "page",
      "_id" : "28328622",
      "_score" : 1.7988799,
      "fields" : {
        "title" : [ "Australian Education System" ]
      }
    }, {
      "_index" : "wikipedia",
      "_type" : "page",
      "_id" : "320884",
      "_score" : 1.7982825,
      "fields" : {
        "title" : [ "The Australian electoral system" ]
      }
    }, {
      "_index" : "wikipedia",
      "_type" : "page",
      "_id" : "433163",
      "_score" : 1.7982825,
      "fields" : {
        "title" : [ "Australian preferential voting system" ]
      }
    } ]
  }
}
