{
  "took" : 56,
  "timed_out" : false,
  "_shards" : {
    "total" : 5,
    "successful" : 5,
    "failed" : 0
  },
  "hits" : {
    "total" : 487200,
    "max_score" : 5.4583545,
    "hits" : [ {
      "_index" : "wikipedia",
      "_type" : "page",
      "_id" : "363039",
      "_score" : 5.4583545,
      "fields" : {
        "title" : [ "Australian honours system" ]
      }
    }, {
      "_index" : "wikipedia",
      "_type" : "page",
      "_id" : "12324081",
      "_score" : 3.6486394,
      "fields" : {
        "title" : [ "Australian Series System" ]
      }
    }, {
      "_index" : "wikipedia",
      "_type" : "page",
      "_id" : "24431876",
      "_score" : 3.5809288,
      "fields" : {
        "title" : [ "Australian soccer league system" ]
      }
    }, {
      "_index" : "wikipedia",
      "_type" : "page",
      "_id" : "7239222",
      "_score" : 1.7997892,
      "fields" : {
        "title" : [ "Australian Antarctic Building System" ]
      }
    }, {
      "_index" : "wikipedia",
      "_type" : "page",
      "_id" : "21697612",
      "_score" : 1.7988799,
      "fields" : {
        "title" : [ "Australian Integrated Forecast System" ]
      }
    }, {
      "_index" : "wikipedia",
      "_type" : "page",
      "_id" : "3896294",
      "_score" : 1.5690429,
      "fields" : {
        "title" : [ "Australian Defence Air Traffic System" ]
      }
    }, {
      "_index" : "wikipedia",
      "_type" : "page",
      "_id" : "24838130",
      "_score" : 1.5659565,
      "fields" : {
        "title" : [ "Western Australian Land Information System" ]
      }
    }, {
      "_index" : "wikipedia",
      "_type" : "page",
      "_id" : "3896292",
      "_score" : 1.3422483,
      "fields" : {
        "title" : [ "The Australian Advanced Air Traffic System" ]
      }
    }, {
      "_index" : "wikipedia",
      "_type" : "page",
      "_id" : "3402083",
      "_score" : 1.1379772,
      "fields" : {
        "title" : [ "Australian archaeology" ]
      }
    }, {
      "_index" : "wikipedia",
      "_type" : "page",
      "_id" : "1943",
      "_score" : 1.1300269,
      "fields" : {
        "title" : [ "Australian Democrats" ]
      }
    } ]
  }
}
