<?xml version="1.0"?>
<assembly>
	<id>bin</id>
	<formats>
		<format>zip</format>
	</formats>
	<includeBaseDirectory>false</includeBaseDirectory>
	<dependencySets>
		<dependencySet>
			<unpack>false</unpack>
			<outputDirectory>/</outputDirectory>
			<useProjectArtifact>false</useProjectArtifact>
			<useTransitiveFiltering>true</useTransitiveFiltering>
			<excludes>
				<exclude>org.elasticsearch:elasticsearch</exclude>
				<exclude>junit:junit</exclude>
			</excludes>
		</dependencySet>
	</dependencySets>
	<fileSets>
		<fileSet>
			<directory>${project.build.directory}/</directory>
			<outputDirectory>/</outputDirectory>
			<includes>
				<include>elasticsearch-${project.name}-${elasticsearch.version}.jar</include>
			</includes>
		</fileSet>
	</fileSets>
</assembly>
